<?xml version="1.0"?>
<accountsdatabase>
<account>
<login>seleniumweb@tut.by</login>
<password>1230987</password>
</account>
<account>
<login>seleniumweb1@tut.by</login>
<password>123zxcvb</password>
</account>
<account>
<login>seleniumweb2@tut.by</login>
<password>123zxcvv</password>
</account>
<account>
<login>seleniumweb3@tut.by</login>
<password>123zxccc</password>
</account>
<account>
<login>seleniumweb4@tut.by</login>
<password>123zxxxx</password>
</account>
<account>
<login>seleniumweb5@tut.by</login>
<password>123zzzzz</password>
</account>
<account>
<login>seleniumweb6@tut.by</login>
<password>123zxvvv</password>
</account>
<account>
<login>seleniumweb7@tut.by</login>
<password>123zxccv</password>
</account>
<account>
<login>selentest1@tut.by</login>
<password>1234567890</password>
</account>
<account>
<login>selentest2@tut.by</login>
<password>1234567888</password>
</account>
<account>
<login>selentest3@tut.by</login>
<password>1234567777</password>
</account>
</accountsdatabase>
