<?xml version="1.0" encoding="UTF-8"?>
<suite name="Suite">
    <listeners>
        <listener class-name="helpers.MyListener" />
    </listeners>
    <test name="Check Email test case">
        <classes>
            <class name="TutPageTest"/>
            <methods>
                <include name="setUpPages"/>
                <include name="checkSentcsv"/>
                <include name="checkInbox"/>
                <include name="checkSentxml"/>
                <include name="checkInboxxml"/>
            </methods>
        </classes>
    </test>
</suite>